{
  "height": 1080,
  "width": 1920,
  "distortion_model": "plumb_bob",
  "D": [-0.177687, 0.0305528, 0.0, 0.0, 0.0],
  "K": [1385.3265380859375, 0.0, 1024.13916015625, 0.0, 1385.3265380859375, 582.9349365234375, 0.0, 0.0, 1.0],
  "R": [1.0, 0.0, 0.0, 0.0, 1.0, 0.0, 0.0, 0.0, 1.0],
  "P": [1385.3265380859375, 0.0, 1024.13916015625, 0.0, 0.0, 1385.3265380859375, 582.9349365234375, 0.0, 0.0, 0.0, 1.0, 0.0]
}
